tableName,tableExtends,columnName,columnType,key,required,refSchema,refTable,refLink,refBack,validation,semantics,description,profiles,visible,label,computed,refLabel,defaultValue
Variable values,,,,,,,,,,,,Listing of categorical value+label definition in case of a categorical variable,"DataCatalogueFlat,RWEStaging,CohortsStaging,StudiesStaging,NetworksStaging,UMCGCohortsStaging,UMCUCohorts",,,,,
Variable values,,resource,ref,1,TRUE,,Resources,,,,,Resource the variable belongs to,"DataCatalogueFlat,RWEStaging,CohortsStaging,StudiesStaging,NetworksStaging,UMCGCohortsStaging,UMCUCohorts",,,,,
Variable values,,dataset,ref,1,TRUE,,Datasets,resource,,,,Dataset the variable belongs to,"DataCatalogueFlat,RWEStaging,CohortsStaging,StudiesStaging,NetworksStaging,UMCGCohortsStaging,UMCUCohorts",,,,,
Variable values,,variable,ref,1,TRUE,,Variables,dataset,,,,Variable name,"DataCatalogueFlat,RWEStaging,CohortsStaging,StudiesStaging,NetworksStaging,UMCGCohortsStaging,UMCUCohorts",,,,,
Variable values,,value,,1,TRUE,,,,,,,"Variable value, e.g. '1'","DataCatalogueFlat,RWEStaging,CohortsStaging,StudiesStaging,NetworksStaging,UMCGCohortsStaging,UMCUCohorts",,,,,
Variable values,,label,,,TRUE,,,,,,,"Variable label, e.g. 'Yes'","DataCatalogueFlat,RWEStaging,CohortsStaging,StudiesStaging,NetworksStaging,UMCGCohortsStaging,UMCUCohorts",,,,,
Variable values,,order,int,,,,,,,,,Order that the variable values should be displayed in,"DataCatalogueFlat,RWEStaging,CohortsStaging,StudiesStaging,NetworksStaging,UMCGCohortsStaging,UMCUCohorts",,,,,
Variable values,,is missing,bool,,,,,,,,,"Whether this variable value indicates that data is missing, e.g. '-1' for 'NA'","DataCatalogueFlat,RWEStaging,CohortsStaging,StudiesStaging,NetworksStaging,UMCGCohortsStaging,UMCUCohorts",,,,,
Variable values,,ontology term URI,,,,,,,,,,Reference to ontology term that defines this categorical value,"DataCatalogueFlat,RWEStaging,CohortsStaging,StudiesStaging,NetworksStaging,UMCGCohortsStaging,UMCUCohorts",,,,,
Variable values,,since version,,,,,,,,,,"When this variable value was introduced, if applicable","DataCatalogueFlat,RWEStaging,CohortsStaging,StudiesStaging,NetworksStaging,UMCGCohortsStaging,UMCUCohorts",,,,,
Variable values,,until version,,,,,,,,,,"When this variable value was removed, if applicable","DataCatalogueFlat,RWEStaging,CohortsStaging,StudiesStaging,NetworksStaging,UMCGCohortsStaging,UMCUCohorts",,,,,
Publications,,,,,,,,,,,,Publications based on doi,"DataCatalogueFlat,CohortsStaging,RWEStaging,NetworksStaging,StudiesStaging,UMCGCohortsStaging,UMCUCohorts,INTEGRATE",,,,,
Publications,,resource,ref,1,TRUE,,Resources,,,,dcterms:isPartOf,Resource that this publication is part of,"DataCatalogueFlat,CohortsStaging,RWEStaging,NetworksStaging,StudiesStaging,UMCGCohortsStaging,UMCUCohorts,INTEGRATE",,,,,
Publications,,doi,hyperlink,1,TRUE,,,,,,,Digital object identifier,"DataCatalogueFlat,EMA,CohortsStaging,RWEStaging,NetworksStaging,StudiesStaging,UMCGCohortsStaging,UMCUCohorts,INTEGRATE",,,,,
Publications,,title,,,TRUE,,,,,,,Publication title,"DataCatalogueFlat,EMA,CohortsStaging,RWEStaging,NetworksStaging,StudiesStaging,UMCGCohortsStaging,UMCUCohorts,INTEGRATE",,,,,
Publications,,is design publication,bool,,,,,,,,,Whether this publication is a marker or design publication,"DataCatalogueFlat,EMA,CohortsStaging,RWEStaging,NetworksStaging,StudiesStaging,UMCGCohortsStaging,UMCUCohorts,INTEGRATE",,,,,
Publications,,reference,text,,,,,,,,,Formatted reference string (we aim to have this autogenerated),"DataCatalogueFlat,EMA,CohortsStaging,RWEStaging,NetworksStaging,StudiesStaging,UMCUCohorts,INTEGRATE",,,,,
Contacts,,,,,,,,,,,"vcard:Kind,vcard:Individual",Listing of contact persons per resource,"DataCatalogueFlat,EMA,CohortsStaging,RWEStaging,NetworksStaging,StudiesStaging,UMCGCohortsStaging,UMCUCohorts,INTEGRATE",,,,,
Contacts,,resource,ref,1,TRUE,,Resources,,,,,Resource the contact is affiliated with,"DataCatalogueFlat,EMA,CohortsStaging,RWEStaging,NetworksStaging,StudiesStaging,UMCGCohortsStaging,UMCUCohorts,INTEGRATE",,,,,
Contacts,,role,ontology_array,,,CatalogueOntologies,Contribution types,,,,vcard:hasRole,Type(s) of contribution or role in the resource,"DataCatalogueFlat,EMA,CohortsStaging,RWEStaging,NetworksStaging,StudiesStaging,UMCGCohortsStaging,UMCUCohorts,INTEGRATE,FAIR Genomes",,,,,
Contacts,,role description,text,,,,,,,,,Description of the role,"DataCatalogueFlat,CohortsStaging,RWEStaging,NetworksStaging,StudiesStaging,UMCUCohorts,INTEGRATE,FAIR Genomes",,,,,
Contacts,,first name,,1,TRUE,,,,,,foaf:firstName,First name of the contact person,"DataCatalogueFlat,EMA,CohortsStaging,RWEStaging,NetworksStaging,StudiesStaging,UMCGCohortsStaging,UMCUCohorts,INTEGRATE,FAIR Genomes",,,,,
Contacts,,last name,,1,TRUE,,,,,,foaf:familyName,Last name of the contact person,"DataCatalogueFlat,EMA,CohortsStaging,RWEStaging,NetworksStaging,StudiesStaging,UMCGCohortsStaging,UMCUCohorts,INTEGRATE,FAIR Genomes",,,,,
Contacts,,display name,,,TRUE,,,,,,"foaf:name,vcard:hasName,vcard:fn",Display name of the contact person,DataCatalogueFlat,,,firstName+' '+lastName,,
Contacts,,prefix,,,,,,,,,,"Surname prefix, if applicable","DataCatalogueFlat,CohortsStaging,RWEStaging,NetworksStaging,StudiesStaging,UMCGCohortsStaging,UMCUCohorts,INTEGRATE,FAIR Genomes",,,,,
Contacts,,initials,,,,,,,,,,Initials of the contact person,"DataCatalogueFlat,CohortsStaging,RWEStaging,NetworksStaging,StudiesStaging,UMCGCohortsStaging,UMCUCohorts,INTEGRATE,FAIR Genomes",,,,,
Contacts,,title,ontology,,,CatalogueOntologies,Titles,,,,foaf:title,Title of the contact person,"DataCatalogueFlat,EMA,CohortsStaging,RWEStaging,NetworksStaging,StudiesStaging,UMCGCohortsStaging,UMCUCohorts,INTEGRATE,FAIR Genomes",,,,,
Contacts,,organisation,ref,,,,Organisations,resource,,,foaf:Organization,Affiliated organisation of the contact person,"DataCatalogueFlat,EMA,CohortsStaging,RWEStaging,NetworksStaging,StudiesStaging,UMCGCohortsStaging,UMCUCohorts,INTEGRATE",,,,,
Contacts,,email,email,,if(resource?.hricore === true) 'This field is mandatory for HRICore compatibility',,,,,,"vcard:hasEmail,foaf:mbox",Contact's email address,"DataCatalogueFlat,CohortsStaging,RWEStaging,NetworksStaging,StudiesStaging,UMCGCohortsStaging,UMCUCohorts,INTEGRATE,FAIR Genomes",,,,,
Contacts,,orcid,,,,,,,,,dcterms:identifier,Orcid of the contact person,"DataCatalogueFlat,CohortsStaging,RWEStaging,NetworksStaging,StudiesStaging,UMCGCohortsStaging,UMCUCohorts,INTEGRATE",,,,,
Contacts,,homepage,hyperlink,,,,,,,,"vcard:url,foaf:workplaceHomepage,vcard:hasURL",Link to contact's homepage,"DataCatalogueFlat,CohortsStaging,RWEStaging,NetworksStaging,StudiesStaging,UMCGCohortsStaging,UMCUCohorts,INTEGRATE",,,,,
Contacts,,photo,file,,,,,,,,foaf:img,Contact's photograph,"DataCatalogueFlat,CohortsStaging,RWEStaging,NetworksStaging,StudiesStaging,UMCGCohortsStaging",,,,,
Contacts,,expertise,,,,,,,,,,Description of contact's expertise,"DataCatalogueFlat,CohortsStaging,RWEStaging,NetworksStaging,StudiesStaging,UMCGCohortsStaging,INTEGRATE",,,,,
Dataset mappings,,,,,,,,,,,,Mappings from collected or source datasets to harmonised or target datasets,"DataCatalogueFlat,CohortsStaging,RWEStaging,StudiesStaging",,,,,
Dataset mappings,,source,ref,1,TRUE,,Resources,,,,,Id of the resource being mapped from,"DataCatalogueFlat,CohortsStaging,RWEStaging,StudiesStaging",,,,,
Dataset mappings,,source dataset,ref,1,TRUE,,Datasets,source,,,,Name of the dataset being mapped from,"DataCatalogueFlat,CohortsStaging,RWEStaging,StudiesStaging",,,,,
Dataset mappings,,target,ref,1,TRUE,,Resources,,,,,Network being mapped to,"DataCatalogueFlat,RWEStaging,StudiesStaging",,,,,
Dataset mappings,,target dataset,ref,1,TRUE,,Datasets,target,,,,"Name of the dataset being mapped to, or harmonised with","DataCatalogueFlat,RWEStaging,StudiesStaging",,,,,
Dataset mappings,,order,int,,,,,,,,,Order in which table ETLs should be executed for this source-target combination,"DataCatalogueFlat,CohortsStaging,RWEStaging,StudiesStaging",,,,,
Dataset mappings,,description,text,,,,,,,,,Human readible description of the mapping,"DataCatalogueFlat,CohortsStaging,RWEStaging,StudiesStaging",,,,,
Dataset mappings,,syntax,text,,,,,,,,,"Formal definition of the mapping, ideally in executable code","DataCatalogueFlat,CohortsStaging,RWEStaging,StudiesStaging",,,,,
Datasets,,,,,,,,,,,,Definition of a dataset,"DataCatalogueFlat,CohortsStaging,RWEStaging,NetworksStaging,StudiesStaging,UMCGCohortsStaging,UMCUCohorts",,,,,
Datasets,,resource,ref,1,TRUE,,Resources,,,,,Resource of which the dataset is part,"DataCatalogueFlat,CohortsStaging,RWEStaging,NetworksStaging,StudiesStaging,UMCGCohortsStaging,UMCUCohorts",,,,,
Datasets,,name,,1,TRUE,,,,,,,Unique dataset name in the model,"DataCatalogueFlat,CohortsStaging,RWEStaging,NetworksStaging,StudiesStaging,UMCGCohortsStaging,UMCUCohorts",,,,,
Datasets,,label,,,,,,,,,,Short human readable description,"DataCatalogueFlat,CohortsStaging,RWEStaging,NetworksStaging,StudiesStaging,UMCGCohortsStaging,UMCUCohorts",,,,,
Datasets,,dataset type,ontology_array,,,CatalogueOntologies,Dataset types,,,,,"Defines the type of dataset, e.g. genomic","DataCatalogueFlat,CohortsStaging,RWEStaging,NetworksStaging,StudiesStaging,UMCGCohortsStaging,UMCUCohorts",,,,,
Datasets,,unit of observation,ontology,,,CatalogueOntologies,Observation targets,,,,,Defines what each record in this table describes,"DataCatalogueFlat,CohortsStaging,RWEStaging,NetworksStaging,StudiesStaging,UMCGCohortsStaging,UMCUCohorts",,,,,
Datasets,,keywords,ontology_array,,,CatalogueOntologies,Keywords,,,,,Enables grouping of table list by topic and to display tables in a tree,"DataCatalogueFlat,CohortsStaging,RWEStaging,NetworksStaging,StudiesStaging,UMCGCohortsStaging,UMCUCohorts",,,,,
Datasets,,description,text,,,,,,,,,Description of the role/function of this table,"DataCatalogueFlat,CohortsStaging,RWEStaging,NetworksStaging,StudiesStaging,UMCGCohortsStaging,UMCUCohorts",,,,,
Datasets,,number of rows,int,,,,,,,,,Count of the number of records in this table,"DataCatalogueFlat,CohortsStaging,RWEStaging,NetworksStaging,StudiesStaging,UMCGCohortsStaging,UMCUCohorts",,,,,
Datasets,,mapped to,refback,,,,Dataset mappings,,source dataset,,,Common dataset models this dataset has been mapped into,"DataCatalogueFlat,CohortsStaging,RWEStaging,StudiesStaging",,,,,
Datasets,,mapped from,refback,,,,Dataset mappings,,target dataset,,,Source datasets that have been mapped to this harmonised dataset,"DataCatalogueFlat,CohortsStaging,RWEStaging,StudiesStaging",,,,,
Datasets,,since version,,,,,,,,,,"When this dataset was introduced, if applicable","DataCatalogueFlat,CohortsStaging,RWEStaging,NetworksStaging,StudiesStaging,UMCGCohortsStaging,UMCUCohorts",,,,,
Datasets,,until version,,,,,,,,,,"When this dataset was removed, if applicable","DataCatalogueFlat,CohortsStaging,RWEStaging,NetworksStaging,StudiesStaging,UMCGCohortsStaging,UMCUCohorts",,,,,
Collection events,,,,,,,,,,,,Definition of a collection event for a resource,"DataCatalogueFlat,CohortsStaging,UMCGCohortsStaging,StudiesStaging,UMCUCohorts,INTEGRATE",,,,,
Collection events,,resource,ref,1,TRUE,,Resources,,,,dcterms:source,Resource this collection event is part of,"DataCatalogueFlat,CohortsStaging,UMCGCohortsStaging,StudiesStaging,UMCUCohorts,INTEGRATE",,,,,
Collection events,,name,,1,TRUE,,,,,,dcterms:title,Name of the collection event,"DataCatalogueFlat,CohortsStaging,UMCGCohortsStaging,StudiesStaging,UMCUCohorts,INTEGRATE",,,,,
Collection events,,pid,,,,,,,,,dcterms:identifier,Persistent identifier for this collection event,"DataCatalogueFlat,CohortsStaging,UMCGCohortsStaging,UMCUCohorts,INTEGRATE",,,,,
Collection events,,description,text,,,,,,,,dcterms:description,Description of the collection event,"DataCatalogueFlat,CohortsStaging,UMCGCohortsStaging,StudiesStaging,UMCUCohorts,INTEGRATE",,,,,
Collection events,,subpopulations,ref_array,,,,Subpopulations,resource,,,dcterms:source,Subpopulations that are targetted by this collection event,"DataCatalogueFlat,CohortsStaging,UMCGCohortsStaging,UMCUCohorts,INTEGRATE",,,,,
Collection events,,keywords,string_array,,,,,,,,dcat:keyword,Keywords to increase findability of this collection event. Try to use words that are not used in the description. Keywords are not displayed on the collection event page,"DataCatalogueFlat,CohortsStaging,UMCGCohortsStaging,UMCUCohorts,INTEGRATE",,,,,
Collection events,,start date,date,,,,,,,,dcat:startDate,Start date of data collection,"DataCatalogueFlat,CohortsStaging,UMCGCohortsStaging,StudiesStaging,UMCUCohorts,INTEGRATE",,,,,
Collection events,,end date,date,,,,,,,,dcat:endDate,End date of data collection. Leave empty if collection is ongoing,"DataCatalogueFlat,CohortsStaging,UMCGCohortsStaging,StudiesStaging,UMCUCohorts,INTEGRATE",,,,,
Collection events,,age groups,ontology_array,,,CatalogueOntologies,Age groups,,,,,Age groups included in this data collection event,"DataCatalogueFlat,CohortsStaging,UMCGCohortsStaging,StudiesStaging,UMCUCohorts,INTEGRATE",,,,,
Collection events,,number of participants,int,,,,,,,,,Number of participants sampled in this data collection event,"DataCatalogueFlat,CohortsStaging,UMCGCohortsStaging,StudiesStaging,UMCUCohorts,INTEGRATE",,,,,
Collection events,,areas of information,ontology_array,,,CatalogueOntologies,Areas of information cohorts,,,,,Areas of information that were extracted in this data collection event,"DataCatalogueFlat,CohortsStaging,UMCGCohortsStaging,StudiesStaging,UMCUCohorts,INTEGRATE",,,,,
Collection events,,data categories,ontology_array,,,CatalogueOntologies,Data categories,,,,,Methods of data collection used in this collection event,"DataCatalogueFlat,CohortsStaging,UMCGCohortsStaging,StudiesStaging,UMCUCohorts,INTEGRATE",,,,,
Collection events,,sample categories,ontology_array,,,CatalogueOntologies,Sample categories,,,,,Samples that were collected in this collection event,"DataCatalogueFlat,CohortsStaging,UMCGCohortsStaging,StudiesStaging,UMCUCohorts,INTEGRATE",,,,,
Collection events,,standardized tools,ontology_array,,,CatalogueOntologies,Standardized tools,,,,,"Standardized tools, e.g. surveys, questionnaires, instruments used to collect data for this collection event","DataCatalogueFlat,CohortsStaging,UMCGCohortsStaging,StudiesStaging,UMCUCohorts,INTEGRATE",,,,,
Collection events,,standardized tools other,text,,,,,,,,,"If 'other', please specify","DataCatalogueFlat,CohortsStaging,UMCGCohortsStaging,StudiesStaging,UMCUCohorts,INTEGRATE",,,,,
Collection events,,core variables,string_array,,,,,,,,,Name 10-20 relevant variables that were collected in this collection event,"DataCatalogueFlat,CohortsStaging,UMCGCohortsStaging,StudiesStaging,UMCUCohorts,INTEGRATE",,,,,
Collection events,,contact point,ref,,,,Contacts,resource,,,dcat:contactPoint,Contact point for this collection event. Value copied from Resources table,DataCatalogueFlat,,,,,
Collection events,,publisher,ref,,,,Organisations,resource,,,dcterms:publisher,Organisation that published this collection event. Value copied from Resources table,DataCatalogueFlat,,,,,
Collection events,,creator,ref_array,,,,Organisations,resource,,,dcterms:creator,Organisation(s) that created this collection event. Value copied from Resources table,DataCatalogueFlat,,,,,
Collection events,,issued,datetime,,,,,,,,dcterms:issued, When the data for this collection event was first published,"DataCatalogueFlat,CohortsStaging,UMCGCohortsStaging,StudiesStaging,UMCUCohorts,INTEGRATE",,,,,
Collection events,,modified,datetime,,,,,,,,dcterms:modified, When the data for this collection event was last modified,"DataCatalogueFlat,CohortsStaging,UMCGCohortsStaging,StudiesStaging,UMCUCohorts,INTEGRATE",,,,,
Collection events,,theme,ontology_array,,,CatalogueOntologies,Themes,,,,dcat:theme,"A main category of the collection event. A collection event can have multiple themes, for health data theme must at least take the value 'Health', which is set as a default","DataCatalogueFlat,CohortsStaging,UMCGCohortsStaging,UMCUCohorts,INTEGRATE",,,,,= [{name: 'Health'}]
Collection events,,access rights,ontology,,,CatalogueOntologies,Access rights,,,,dcterms:accessRights,"Information that indicates whether the resource is publicly accessible, has access restrictions or is not public. A default is set for non-public access, because most health datasets contain sensitive information and rules and licenses apply to get access","DataCatalogueFlat,CohortsStaging,UMCGCohortsStaging,UMCUCohorts,INTEGRATE",,,,,= {name: 'Non public'}
Collection events,,applicable legislation,ontology_array,,,CatalogueOntologies,Legislations,,,,dcatap:applicableLegislation,"The legislation that mandates the creation or management of the collection event. For health datasets, the value must include the data governance act, which is set as a default. URI's to other legislations may be included","DataCatalogueFlat,CohortsStaging,UMCGCohortsStaging,UMCUCohorts,INTEGRATE",,,,,= [{name: 'Data Governance Act'}]
Collection events,,provenance statement,text,,,,,,,,dct:provenance,"A statement of any changes in ownership and custody of a resource since its creation that are significant for its authenticity, integrity, and interpretation","DataCatalogueFlat,EMA",,,,,
Profiles,,,,,,,,,,,,DataCatalogueFlat,DataCatalogueFlat,,,,,
Profiles,,DataCatalogueFlat,,,,,,,,,,DataCatalogueFlat,DataCatalogueFlat,,,,,
External identifiers,,,,,,,,,,,,External identifier(s) for this resource,"DataCatalogueFlat,EMA,CohortsStaging,RWEStaging,NetworksStaging,StudiesStaging,UMCGCohortsStaging,UMCUCohorts,INTEGRATE",,,,,
External identifiers,,resource,ref,1,TRUE,,Resources,,,,,Resource that this external identifier belongs to,"DataCatalogueFlat,EMA,CohortsStaging,RWEStaging,NetworksStaging,StudiesStaging,UMCGCohortsStaging,UMCUCohorts,INTEGRATE",,,,,
External identifiers,,identifier,text,1,TRUE,,,,,,,External identifier,"DataCatalogueFlat,EMA,CohortsStaging,RWEStaging,NetworksStaging,StudiesStaging,UMCGCohortsStaging,UMCUCohorts,INTEGRATE",,,,,
External identifiers,,external identifier type,ontology,,,CatalogueOntologies,External identifier types,,,,,External identifier type,"DataCatalogueFlat,EMA,CohortsStaging,RWEStaging,NetworksStaging,StudiesStaging,UMCGCohortsStaging,UMCUCohorts,INTEGRATE",,,,,
External identifiers,,external identifier type other,text,,,,,,,,,"If 'other', enter external identifier type","DataCatalogueFlat,CohortsStaging,RWEStaging,NetworksStaging,StudiesStaging,UMCGCohortsStaging,UMCUCohorts,INTEGRATE",,,,,
Version,,,,,,,,,,,,7.4.0,"DataCatalogueFlat,EMA,RWEStaging,CohortsStaging,StudiesStaging,UMCGCohortsStaging,NetworksStaging,UMCUCohorts,INTEGRATE",,,,,
Samplesets,,,,,,,,,,,,Definition of a sample set,"DataCatalogueFlat,CohortsStaging,RWEStaging,StudiesStaging",,,,,
Samplesets,,resource,ref,1,TRUE,,Resources,,,,,Resouce that these samples are part of,"DataCatalogueFlat,CohortsStaging,RWEStaging,StudiesStaging",,,,,
Samplesets,,name,,1,TRUE,,,,,,,Sample set name,"DataCatalogueFlat,CohortsStaging,RWEStaging,StudiesStaging",,,,,
Samplesets,,sample types,ontology_array,,,CatalogueOntologies,Sample types,,,,,Defines the types of samples in the sample set,"DataCatalogueFlat,CohortsStaging,RWEStaging,StudiesStaging",,,,,
Endpoint,,,,,,,,,,,schema:Service,General information describing an endpoint,"Beacon v2,FAIRDataPoint,DataCatalogueFlat",,,,,
Endpoint,,id,string,1,TRUE,,,,,,"schema:identifier,dcterms:identifier","A unique proper name or character sequence that identifies this particular person. In Beacon v2: id, in FAIR Genomes: PersonalIdentifier. In RD3: subjectID.","Beacon v2,FAIRDataPoint,DataCatalogueFlat",,,,,
Endpoint,,type,hyperlink_array,,TRUE,,,,,,rdf:type,This row is an instance of one or more of these class(es) other than the Endpoint table.,"FAIRDataPoint,DataCatalogueFlat",,,,,
Endpoint,,name,string_array,,TRUE,,,,,,dcterms:title,A name given to the resource.,"Beacon v2,FAIRDataPoint,DataCatalogueFlat",,,,,
Endpoint,,version,text,,,,,,,,dcterms:hasVersion,An account of the resource version.,DataCatalogueFlat,,,,,
Endpoint,,description,text,,,,,,,,dcterms:description,An account of the resource.,"Beacon v2,FAIRDataPoint,DataCatalogueFlat",,,,,
Endpoint,,publisher,ref_array,,TRUE,,Agents,,,,dcterms:publisher,An entity responsible for making the resource available.,"Beacon v2,FAIRDataPoint,DataCatalogueFlat",,,,,
Endpoint,,language,hyperlink_array,,,,,,,,dcterms:language,A language of the resource.,"FAIRDataPoint,DataCatalogueFlat",,,,,
Endpoint,,license,hyperlink,,TRUE,,,,,,dcterms:license,A legal document giving official permission to do something with the resource.,"FAIRDataPoint,DataCatalogueFlat",,,,,
Endpoint,,conformsTo,hyperlink,,TRUE,,,,,,dcterms:conformsTo,An established standard to which the described resource conforms.,"FAIRDataPoint,DataCatalogueFlat",,,,,
Endpoint,,rights,hyperlink_array,,,,,,,,dcterms:rights,Information about rights held in and over the resource.,"FAIRDataPoint,DataCatalogueFlat",,,,,
Endpoint,,accessRights,hyperlink_array,,,,,,,,dcterms:accessRights,Information about who access the resource or an indication of its security status.,"FAIRDataPoint,DataCatalogueFlat",,,,,
Endpoint,,contact,ref,,,,Contacts,,,,dcat:contactPoint,Relevant contact information for the cataloged resource,DataCatalogueFlat,,,,,
Endpoint,,keyword,string_array,,,,,,,,dcat:keyword,A keyword or tag describing a resource.,"FAIRDataPoint,DataCatalogueFlat",,,,,
Endpoint,,theme,hyperlink_array,,,,,,,,dcat:theme,A main category of the resource. A resource can have multiple themes.,"FAIRDataPoint,DataCatalogueFlat",,,,,
Endpoint,,endPointDescription,hyperlink_array,,,,,,,,dcat:endpointDescription,"A description of the service end-point, including its operations, parameters etc.","FAIRDataPoint,DataCatalogueFlat",,,,,
Endpoint,,metadataCatalog,ref_array,,TRUE,,Resources,,,,fdp-o:metadataCatalog,"With the definition of the FDP as a type of metadata service that serves metadata catalogs, the relation between the Metadata Service and dcat:Catalog is represented by this predicate.",DataCatalogueFlat,,,,,
Endpoint,,conformsToFdpSpec,hyperlink,,TRUE,,,,,,fdp-o:conformsToFdpSpec,The relation should point to an URI that contains the version of the FDP specifications for which this instance of the FDP conforms to,DataCatalogueFlat,,,,,
Endpoint,,EJP_RD_personalData,string,,,,,,,,ejp:personalData,"Set to true if the resource onboarded to the EJP-RD Virtual Platform contains personal data, personal data meaning data related to identified or identifiable persons (as per GDPR definition), otherwise false. Must be String as workaround for current FDP reference implementation limitations.","FAIRDataPoint,DataCatalogueFlat",,,,,
Endpoint,,EJP_RD_vpConnection,hyperlink,,,,,,,,ejp:vpConnection,This property must be attached to every entity that you wish the EJP-RD Virtual Platform to explore.,"FAIRDataPoint,DataCatalogueFlat",,,,,
Endpoint,,issued,datetime,,,,,,,,"dcterms:issued,fdp-o:metadataIssued",,DataCatalogueFlat,,,,,
Endpoint,,modified,datetime,,,,,,,,"dcterms:modified,fdp-o:metadataModified",,DataCatalogueFlat,,,,,
Resources,,,,,,,,,,,ldp:DirectContainer,Resource of data and/or samples. Use 'resource type' to specify,"DataCatalogueFlat,EMA",,,,,
Resources,,rdf type,hyperlink,,,,,,,,rdf:type,The DCAT type such as dcat:Catalog as computed field,"DataCatalogueFlat,EMA",,,type.some(item => item.name === 'Catalogue') ? 'http://www.w3.org/ns/dcat#Catalog' : type.some(item => item.name === 'Network') ?  undefined : 'http://www.w3.org/ns/dcat#Dataset',,
Resources,,fdp endpoint,ref,,,,Endpoint,,,,ldp:membershipResource,FDP endpoint to associated with the catalogue,"DataCatalogueFlat,EMA",,,,,= {id: 'main_fdp'}
Resources,,ldp membership relation,hyperlink,,,,,,,,ldp:hasMemberRelation,LDP membership relation,"DataCatalogueFlat,EMA",,,,,https://w3id.org/fdp/fdp-o#metadataCatalog
Resources,,overview,heading,,,,,,,,,General information,"DataCatalogueFlat,EMA,CohortsStaging,RWEStaging,NetworksStaging,StudiesStaging,UMCGCohortsStaging,UMCUCohorts,INTEGRATE",,,,,
Resources,,hricore,bool,,,,,,,,,"Do you want your metadata to be compatible with HRICore v2.0.1, so that the metadata can be shared with the Dutch National Health Data Catalogue?","DataCatalogueFlat,EMA,CohortsStaging,RWEStaging,NetworksStaging,StudiesStaging,UMCGCohortsStaging,UMCUCohorts,INTEGRATE",,,,,
Resources,,id,,1,TRUE,,,,,,,Internal identifier,"DataCatalogueFlat,EMA,CohortsStaging,RWEStaging,NetworksStaging,StudiesStaging,UMCGCohortsStaging,UMCUCohorts,INTEGRATE",,,,,
Resources,,pid,,2,,,,,,,dcterms:identifier,Persistent identifier,"DataCatalogueFlat,EMA,CohortsStaging,RWEStaging,NetworksStaging,StudiesStaging,UMCGCohortsStaging,UMCUCohorts,INTEGRATE",,,,,
Resources,,name,text,3,TRUE,,,,,,dcterms:title,Name used in international projects,"DataCatalogueFlat,EMA,CohortsStaging,RWEStaging,NetworksStaging,StudiesStaging,UMCGCohortsStaging,UMCUCohorts,INTEGRATE",,,,,
Resources,,local name,,,,,,,,,rdfs:label,"If different from above, name in the national language","DataCatalogueFlat,CohortsStaging,RWEStaging",,,,,
Resources,,acronym,,,,,,,,,dcterms:alternative,"Acronym, if applicable","DataCatalogueFlat,EMA,CohortsStaging,RWEStaging,NetworksStaging,StudiesStaging,UMCGCohortsStaging,UMCUCohorts,INTEGRATE",,,,,
Resources,,type,ontology_array,,TRUE,CatalogueOntologies,Resource types,,,,,"Type of resource, e.g. registry, cohort, biobank","DataCatalogueFlat,CohortsStaging,RWEStaging,NetworksStaging,StudiesStaging,UMCGCohortsStaging,UMCUCohorts,INTEGRATE",,,,,
Resources,,catalogue type,ontology,,,CatalogueOntologies,CatalogueTypes,,,,,Type of catalogue,"DataCatalogueFlat,NetworksStaging",type?.some(item => item.name === 'Catalogue'),,,,
Resources,,main catalogue,bool,,,,,,,,,Is this the main catalogue of this catalogue server?,"DataCatalogueFlat,NetworksStaging",type?.some(item => item.name === 'Catalogue'),,,,
Resources,,cohort type,ontology_array,,,CatalogueOntologies,Cohort study types,,,,,Type of cohort,"DataCatalogueFlat,CohortsStaging,UMCGCohortsStaging,UMCUCohorts,INTEGRATE",type?.some(item => item.name === 'Cohort study'),,,,
Resources,,clinical study type,ontology_array,,,CatalogueOntologies,Clinical study types,,,,,Type of clinical study,"DataCatalogueFlat,EMA",type?.some(item => item.name === 'Clinical trial'),,,,
Resources,,registry or health record type,ontology_array,,,CatalogueOntologies,Datasource types,,,,,Type of registry or health record,"DataCatalogueFlat,EMA,RWEStaging",type?.some(item => item.name === 'Data source' | item.name === 'Databank' | item.name === 'Registry'  | item.name === 'Health records'),,,,
Resources,,network type,ontology_array,,,CatalogueOntologies,Network types,,,,,Type of network,"DataCatalogueFlat,NetworksStaging",type?.some(item => item.name === 'Network'),,,,
Resources,,website,hyperlink,,,,,,,,"dcat:landingPage,foaf:homepage",Link to the website or homepage,"DataCatalogueFlat,EMA,CohortsStaging,RWEStaging,NetworksStaging,StudiesStaging,UMCGCohortsStaging,UMCUCohorts,INTEGRATE",,,,,
Resources,,description,text,,if(hricore === true) 'This field is mandatory for HRICore compatibility',,,,,,dcterms:description,Short description,"DataCatalogueFlat,EMA,CohortsStaging,RWEStaging,NetworksStaging,StudiesStaging,UMCGCohortsStaging,UMCUCohorts,INTEGRATE",,,,,
Resources,,keywords,string_array,,if(hricore === true && type?.some(item => item.name !== 'Network' && item.name !== 'Catalogue')) 'This field is mandatory for HRICore compatibility',,,,,,dcat:keyword,Keywords to increase findability of this resource. Try to use words that are not used in the description. Keywords are not displayed on the resource page,"DataCatalogueFlat,CohortsStaging,UMCGCohortsStaging,RWEStaging,UMCUCohorts,INTEGRATE",,,,,
Resources,,internal identifiers,refback,,,,Internal identifiers,,resource,,,Internal identifier(s) for this resource (e.g. UMCG register number),"DataCatalogueFlat,EMA,CohortsStaging,RWEStaging,NetworksStaging,StudiesStaging,UMCGCohortsStaging",,,,,
Resources,,external identifiers,refback,,,,External identifiers,,resource,,,External identifier(s) for this resource (e.g. EUPASS number or BBMRI persistent identifer),"DataCatalogueFlat,EMA,CohortsStaging,RWEStaging,NetworksStaging,StudiesStaging,UMCGCohortsStaging,INTEGRATE",,,,,
Resources,,start year,int,,,,,,,,dcat:startDate,"The year when the resource started, e.g. when data or samples started to be collected or extracted, or when the resource was established","DataCatalogueFlat,EMA,RWEStaging,CohortsStaging,UMCGCohortsStaging,UMCUCohorts,NetworksStaging,INTEGRATE",,,,,
Resources,,end year,int,,,,,,,,dcat:endDate,"The year the resource ceased, e.g. when data or sample collection was stopped","DataCatalogueFlat,EMA,RWEStaging,CohortsStaging,UMCGCohortsStaging,UMCUCohorts,NetworksStaging,INTEGRATE",,,,,
Resources,,time span description,text,,,,,,,,,Description of time span,"DataCatalogueFlat,RWEStaging",,,,,
Resources,,contact email,email,,,,,,,,,Contact e-mail address,"DataCatalogueFlat,CohortsStaging,RWEStaging,NetworksStaging,StudiesStaging,UMCGCohortsStaging,INTEGRATE",,,,,
Resources,,logo,file,,,,,,,,,"Logo of the resource, for use on homepages etc.","DataCatalogueFlat,CohortsStaging,RWEStaging,NetworksStaging,StudiesStaging,UMCGCohortsStaging,UMCUCohorts,INTEGRATE",,,,,
Resources,,status,ontology,,,CatalogueOntologies,Study status,,,,,Status of the study,"DataCatalogueFlat,EMA,StudiesStaging",,,,,
Resources,,conforms to,hyperlink,,,,,,,,dcterms:conformsTo,The specification of the catalog metadata schema,DataCatalogueFlat,,,,,
Resources,,has member relation,hyperlink,,,,,,,,"ldp:hasMemberRelation,dcat:record",This relation points to the URI of the custom relation/predicate used to relate the FAIR Data Point with its member catalogs. The object of this property MUST be fdp-o:metadataCatalog.,DataCatalogueFlat,,,,,
Resources,,issued,datetime,,,,,,,,"dcterms:issued,https://w3id.org/fdp/fdp-o#metadataIssued",When the data of the resource was first published,"DataCatalogueFlat,EMA,RWEStaging,CohortsStaging,UMCGCohortsStaging,UMCUCohorts,NetworksStaging,INTEGRATE",,,,,
Resources,,modified,datetime,,,,,,,,"dcterms:modified,https://w3id.org/fdp/fdp-o#metadataModified",When the data of the resource was last modified,"DataCatalogueFlat,EMA,RWEStaging,CohortsStaging,UMCGCohortsStaging,UMCUCohorts,NetworksStaging,INTEGRATE",,,,,
Resources,,design and structure,heading,,,,,,,,,Structure of the resource,"DataCatalogueFlat,EMA,CohortsStaging,RWEStaging,NetworksStaging,StudiesStaging,UMCGCohortsStaging,UMCUCohorts,INTEGRATE",,,,,
Resources,,design,ontology,,,CatalogueOntologies,Cohort designs,,,,,"The study design of this cohort, i.e. cross-sectional or longitudinal","DataCatalogueFlat,CohortsStaging,UMCGCohortsStaging,UMCUCohorts,INTEGRATE",,,,,
Resources,,design description,text,,,,,,,,dcterms:provenance,"Short description of the study design of this resource, if applicable","DataCatalogueFlat,EMA,RWEStaging,CohortsStaging,UMCGCohortsStaging,UMCUCohorts,INTEGRATE",,,,,
Resources,,design schematic,file,,,,,,,,,A schematic depiction of the study design of this resource,"DataCatalogueFlat,CohortsStaging,UMCGCohortsStaging,UMCUCohorts",,,,,
Resources,,data collection type,ontology_array,,,CatalogueOntologies,Cohort collection types,,,,,Retrospective or prospective data collection,"DataCatalogueFlat,CohortsStaging,UMCGCohortsStaging,UMCUCohorts,INTEGRATE",,,,,
Resources,,data collection description,text,,,,,,,,dcterms:provenance,Describe the process of collection and recording of data,"DataCatalogueFlat,EMA,RWEStaging",,,,,
Resources,,reason sustained,text,,,,,,,,dcterms:provenance,"Description of the reason why the data bank is sustained by the organisation (e.g. for surveillance, clinical purposes, financial or administrative purposes, research purposes)","DataCatalogueFlat,RWEStaging",,,,,
Resources,,record trigger,text,,,,,,,,,"What triggers the creation of a record in the data bank? e.g. planned collection events, hospital discharge, specialist encounter, dispensation of a medicinal product, recording of a congenital anomaly","DataCatalogueFlat,EMA,RWEStaging,INTEGRATE",,,,,
Resources,,unit of observation,text,,,,,,,,,"Based on the record trigger or promt, what is the unit(s) of observation of a record (e.g. person, prescription)?","DataCatalogueFlat,RWEStaging",,,,,
Resources,,subpopulations,refback,,,,Subpopulations,,resource,,,"List of cohorts or subpopulations defined in this resource, if applicable","DataCatalogueFlat,CohortsStaging,UMCGCohortsStaging,UMCUCohorts,INTEGRATE",,,,,
Resources,,collection events,refback,,,,Collection events,,resource,,,"List of data/sample collection events defined for this collection, if applicable","DataCatalogueFlat,CohortsStaging,UMCGCohortsStaging,UMCUCohorts,INTEGRATE",,,,,
Resources,,data resources,ref_array,,,,Resources,,,,dcat:dataset,"List of other data collections included in this network, e.g. cohorts, biobanks or real world data sources. Do not list other networks or catalogues here","DataCatalogueFlat,EMA",,,,,
Resources,,part of networks,refback,,,,Resources,,data resources,,,List of other collections included in this resource,"DataCatalogueFlat,EMA",,,,,
Resources,,population,heading,,,,,,,,,Description of the population that is sampled in this resource,"DataCatalogueFlat,EMA,CohortsStaging,RWEStaging,UMCGCohortsStaging,UMCUCohorts,INTEGRATE",,,,,
Resources,,number of participants,non_negative_int,,,,,,,,healthdcatap:numberOfUniqueIndividuals,Total number of individuals for which data is collected,"DataCatalogueFlat,EMA,CohortsStaging,RWEStaging,UMCGCohortsStaging,UMCUCohorts,INTEGRATE",,,,,
Resources,,number of participants with samples,non_negative_int,,,,,,,,,Number of individuals for which samples are collected,"DataCatalogueFlat,CohortsStaging,RWEStaging,UMCGCohortsStaging,INTEGRATE",,,,,
Resources,,underlying population,text,,,,,,,,healthdcatap:populationCoverage,Provide a summary description of the underlying population from which participants are sampled,"DataCatalogueFlat,RWEStaging",,,,,
Resources,,population of interest,ontology_array,,,CatalogueOntologies,Population of interest,,,,,Select population of interest,"DataCatalogueFlat,EMA,StudiesStaging",,,,,
Resources,,population of interest other,text,,,,,,,,,"If population of interest is 'Other', please specify which other population has been studied","DataCatalogueFlat,EMA,StudiesStaging",,,,,
Resources,,countries,ontology_array,,,CatalogueOntologies,Countries,,,,dcterms:spatial,Countries where data/samples from this resource largely originate from,"DataCatalogueFlat,EMA,CohortsStaging,RWEStaging,NetworksStaging,StudiesStaging,UMCGCohortsStaging,UMCUCohorts,INTEGRATE",,,,,
Resources,,continents,ontology_array,,,CatalogueOntologies,Continents,,,,dcterms:spatial,Continent(s) where data/samples from this resource originate from,"DataCatalogueFlat,CohortsStaging",,,,,
Resources,,regions,ontology_array,,,CatalogueOntologies,Regions,,,,dcterms:spatial,Geographical regions where data/samples from this resource largely originate from,"DataCatalogueFlat,EMA,CohortsStaging,RWEStaging,UMCGCohortsStaging,UMCUCohorts,INTEGRATE",,,,,
Resources,,population age groups,ontology_array,,,CatalogueOntologies,Age groups,,,,,Which population age groups are captured in this resource? Select all that are relevant,"DataCatalogueFlat,EMA,CohortsStaging,RWEStaging,UMCGCohortsStaging,UMCUCohorts,INTEGRATE",,,,,
Resources,,age min,non_negative_int,,,,,,,,healthdcatap:minimumTypicalAge,Minimum age of participants within this resource,"DataCatalogueFlat,EMA,CohortsStaging,RWEStaging,UMCGCohortsStaging,UMCUCohorts,INTEGRATE",,,,,
Resources,,age max,non_negative_int,,,,,,,,healthdcatap:maximumTypicalAge,Maximum age of participants within this resource,"DataCatalogueFlat,EMA,CohortsStaging,RWEStaging,UMCGCohortsStaging,UMCUCohorts,INTEGRATE",,,,,
Resources,,inclusion criteria,ontology_array,,,CatalogueOntologies,Inclusion Exclusion Criteria,,,,,Inclusion criteria applied to the participants of this resource,"DataCatalogueFlat,CohortsStaging,UMCGCohortsStaging,UMCUCohorts,INTEGRATE",,,,,
Resources,,other inclusion criteria,text,,,,,,,,,Other inclusion criteria applied to the participants of this resource,"DataCatalogueFlat,CohortsStaging,UMCGCohortsStaging,UMCUCohorts,INTEGRATE",,,,,
Resources,,exclusion criteria,ontology_array,,,CatalogueOntologies,Inclusion Exclusion Criteria,,,,,Exclusion criteria applied to the participants of this resource,"DataCatalogueFlat,CohortsStaging,UMCGCohortsStaging,UMCUCohorts,INTEGRATE",,,,,
Resources,,other exclusion criteria,text,,,,,,,,,Other exclusion criteria applied to the participants of this resource,"DataCatalogueFlat,CohortsStaging,UMCGCohortsStaging,UMCUCohorts,INTEGRATE",,,,,
Resources,,population entry,ontology_array,,,CatalogueOntologies,Population entry,,,,,Select the possible causes / events that trigger the registration of a person in the data source,"DataCatalogueFlat,EMA,RWEStaging",,,,,
Resources,,population entry other,text,,,,,,,,,"If other, specify the causes of entry to the underlying population","DataCatalogueFlat,EMA,RWEStaging",,,,,
Resources,,population exit,ontology_array,,,CatalogueOntologies,Population exit,,,,,Select the possible causes / events that trigger the de-registration of a person in the data source,"DataCatalogueFlat,EMA,RWEStaging",,,,,
Resources,,population exit other,text,,,,,,,,,"If other, specify the causes of exit from the underlying population","DataCatalogueFlat,EMA,RWEStaging",,,,,
Resources,,population disease,ontology_array,,,CatalogueOntologies,Diseases,,,,,Is information on a specific disease subpopulation collected (e.g. as in a disease-specific registry or cohort)?,"DataCatalogueFlat,CohortsStaging,RWEStaging,INTEGRATE",,,,,
Resources,,population oncology topology,ontology_array,,,CatalogueOntologies,ICDO topologies,,,,,"Is information on specific cancer subtype(s) collected? If yes, select topology specifications","DataCatalogueFlat,CohortsStaging,RWEStaging",,,,,
Resources,,population oncology morphology,ontology_array,,,CatalogueOntologies,ICDO morphologies,,,,,"Is information on specific cancer subtype(s) collected? If yes, select morphology specifications","DataCatalogueFlat,CohortsStaging,RWEStaging",,,,,
Resources,,population coverage,text,,,,,,,,,Estimated percentage of the population covered by the data source in the catchment area. Please describe the denominator,"DataCatalogueFlat,EMA,RWEStaging,INTEGRATE",,,,,
Resources,,population not covered,text,,,,,,,,,"Description of the population covered by the data source in the catchment area whose data are not collected, where applicable (e.g. people who are registered only for private care) ","DataCatalogueFlat,EMA,RWEStaging",,,,,
Resources,,counts,refback,,,,Resource counts,,resource,,,Counts of e.g. samples defined for this resource,"DataCatalogueFlat,RWEStaging,StudiesStaging,INTEGRATE",,,,,
Resources,,contributors,heading,,,,,,,,,List of relevant collaborations,"DataCatalogueFlat,EMA,CohortsStaging,RWEStaging,UMCGCohortsStaging,UMCUCohorts,INTEGRATE",,,,,
Resources,,organisations involved,refback,,,,Organisations,,resource,,,Organisations involved in this resource and their role(s),"DataCatalogueFlat,EMA,CohortsStaging,RWEStaging,UMCGCohortsStaging,NetworksStaging,UMCUCohorts,INTEGRATE",,,,,
Resources,,publisher,ref,,if(hricore === true) 'This field is mandatory for HRICore compatibility',,Organisations,,,,dcterms:publisher,"From organisations involved, point out the organisation that published this resource","DataCatalogueFlat,EMA,CohortsStaging,RWEStaging,UMCGCohortsStaging,NetworksStaging,UMCUCohorts,INTEGRATE",,,,,
Resources,,creator,ref_array,,if(hricore === true && type?.some(item => item.name !== 'Network' && item.name !== 'Catalogue')) 'This field is mandatory for HRICore compatibility',,Organisations,,,,dcterms:creator,"From organisations involved, point out the organisation(s) that created this resource","DataCatalogueFlat,EMA,CohortsStaging,RWEStaging,UMCGCohortsStaging,UMCUCohorts,INTEGRATE",,,,,
Resources,,people involved,refback,,,,Contacts,,resource,,,Persons that contributed to this resource,"DataCatalogueFlat,EMA,CohortsStaging,RWEStaging,UMCGCohortsStaging,NetworksStaging,UMCUCohorts,INTEGRATE",,,,,
Resources,,contact point,ref,,if(hricore === true) 'This field is mandatory for HRICore compatibility',,Contacts,,,,dcat:contactPoint,"From people involved, point out the primary contact point for this resource","DataCatalogueFlat,EMA,CohortsStaging,RWEStaging,UMCGCohortsStaging,NetworksStaging,UMCUCohorts,INTEGRATE",,,,,
Resources,,child networks,ref_array,,,,Resources,,,,dcat:catalog,"List of networks, consortia or catalogues included in this network","DataCatalogueFlat,EMA",,,,,
Resources,,parent networks,refback,,,,Resources,,child networks,,,The consortia or networks that this resource is part of,"DataCatalogueFlat,EMA",,,,,
Resources,,available data and samples,heading,,,,,,,,,Data model and contents,"DataCatalogueFlat,EMA,RWEStaging,CohortsStaging",,,,,
Resources,,datasets,refback,,,,Datasets,,resource,,,List of datasets contained in this resouce if applicable,"DataCatalogueFlat,CohortsStaging,RWEStaging,StudiesStaging",,,,,
Resources,,samplesets,refback,,,,Samplesets,,resource,,,List of sample sets contained in this resource if applicable,"DataCatalogueFlat,CohortsStaging,RWEStaging,StudiesStaging",,,,,
Resources,,areas of information,ontology_array,,,CatalogueOntologies,Areas of information cohorts,,,,,Areas of information that were collected,"DataCatalogueFlat,CohortsStaging",,,,,
Resources,,areas of information rwd,ontology_array,,,CatalogueOntologies,Areas of information ds,,,,,Areas of information that were collected,"DataCatalogueFlat,EMA,RWEStaging",,,,,
Resources,,quality of life other,text,,,,,,,,,"If 'other', specify additional quality of life measures","DataCatalogueFlat,EMA,RWEStaging",,,,,
Resources,,cause of death code other,text,,,,,,,,,"If 'other', what cause of death vocabulary is used?","DataCatalogueFlat,EMA,RWEStaging",,,,,
Resources,,indication vocabulary other,text,,,,,,,,,"If 'other', what indication for use vocabulary is used?","DataCatalogueFlat,EMA,RWEStaging",,,,,
Resources,,genetic data vocabulary other,text,,,,,,,,,"If 'other', what genetic data vocabulary is used?","DataCatalogueFlat,EMA,RWEStaging",,,,,
Resources,,care setting other,text,,,,,,,,,"If 'other', description of the setting of care","DataCatalogueFlat,EMA,RWEStaging",,,,,
Resources,,medicinal product vocabulary other,text,,,,,,,,,"If 'other', description of the medicinal product vocabulary","DataCatalogueFlat,EMA,RWEStaging",,,,,
Resources,,prescriptions vocabulary other,text,,,,,,,,,"If 'other', what prescriptions vocabulary is used?","DataCatalogueFlat,EMA,RWEStaging",,,,,
Resources,,dispensings vocabulary other,text,,,,,,,,,"If 'other', what dispensings vocabulary is used?","DataCatalogueFlat,EMA,RWEStaging",,,,,
Resources,,procedures vocabulary other,text,,,,,,,,,"If 'other', what procedures vocabulary is used?","DataCatalogueFlat,EMA,RWEStaging",,,,,
Resources,,biomarker data vocabulary other,text,,,,,,,,,"If 'other', what biomarker data vocabulary is used?","DataCatalogueFlat,EMA,RWEStaging",,,,,
Resources,,diagnosis medical event vocabulary other,text,,,,,,,,,"If 'other', what diagnosis medical event vocabulary is used?","DataCatalogueFlat,EMA,RWEStaging",,,,,
Resources,,data dictionary available,bool,,,,,,,,,Are a data dictionary and a data model available?,"DataCatalogueFlat,RWEStaging",,,,,
Resources,,biospecimen collected,ontology_array,,,CatalogueOntologies,Biospecimens,,,,,"If the data bank contains biospecimens, what types of specimen","DataCatalogueFlat,RWEStaging",,,,,
Resources,,languages,ontology_array,,,CatalogueOntologies,Languages,,,,,Languages that the records are recorded in (ISO 639),"DataCatalogueFlat,EMA,RWEStaging",,,,,
Resources,,multiple entries,bool,,,,,,,,,Can there be multiple entries for a single person in the data bank?,"DataCatalogueFlat,RWEStaging",,,,,
Resources,,linkage,heading,,,,,,,,,Data linkage,"DataCatalogueFlat,EMA,CohortsStaging,RWEStaging,UMCGCohortsStaging,UMCUCohorts,INTEGRATE",,,,,
Resources,,has identifier,bool,,,,,,,,,Is there a unique identifier for a person in the data bank?,"DataCatalogueFlat,RWEStaging",,,,,
Resources,,identifier description,text,,,,,,,,,"Describe the variable that is used as a unique identifier for a person in the data bank. If the unique identifier is not at level of a person (for example hospital encounter), describe how this is translated to an individual level","DataCatalogueFlat,RWEStaging",,,,,
Resources,,prelinked,bool,,,,,,,,,Is the data from this data source linked to other data sources?,"DataCatalogueFlat,EMA,CohortsStaging,RWEStaging,UMCUCohorts",,,,,
Resources,,linkage options,text,,,,,,,,,Linkage options with additional data resources that are available for this resource,"DataCatalogueFlat,CohortsStaging,RWEStaging,UMCGCohortsStaging,UMCUCohorts,INTEGRATE",,,,,
Resources,,linkage possibility,bool,,,,,,,,,Can this data source be linked to other data sources?,"DataCatalogueFlat,EMA,CohortsStaging,RWEStaging,UMCUCohorts,INTEGRATE",,,,,
Resources,,linked resources,refback,,,,Linkages,,resource,,,List of resources that are or can be linked to this main resource,"DataCatalogueFlat,EMA,RWEStaging",,,,,
Resources,,access conditions,heading,,,,,,,,,Access and validation information,"DataCatalogueFlat,EMA,CohortsStaging,RWEStaging,UMCGCohortsStaging,UMCUCohorts,INTEGRATE",,,,,
Resources,,informed consent type,ontology,,,CatalogueOntologies,Informed consent types,,,,,What type of informed consent was given for data resource?,"DataCatalogueFlat,CohortsStaging,UMCGCohortsStaging,UMCUCohorts,INTEGRATE",,,,,
Resources,,informed consent required,ontology,,,CatalogueOntologies,Informed consent required,,,,,Is informed consent required for use of the data for research purposes?,"DataCatalogueFlat,EMA,RWEStaging",,,,,
Resources,,informed consent other,text,,,,,,,,,"If 'other', describe the conditions when informed consent is required","DataCatalogueFlat,EMA,RWEStaging",,,,,
Resources,,access rights,ontology,,if(hricore === true && type?.some(item => item.name !== 'Network' && item.name !== 'Catalogue')) 'This field is mandatory for HRICore compatibility',CatalogueOntologies,Access rights,,,,dcterms:accessRights,"Information that indicates whether the resource is publicly accessible, has access restrictions or is not public. A default is set for non-public access, because most health datasets contain sensitive information and rules and licenses apply to get access. ","DataCatalogueFlat,EMA,RWEStaging,CohortsStaging,UMCGCohortsStaging,UMCUCohorts,INTEGRATE",,,,,= {name: 'Non public'}
Resources,,data access conditions,ontology_array,,,CatalogueOntologies,Data access conditions,,,,,Codes defining data access terms and conditions,"DataCatalogueFlat,CohortsStaging,UMCGCohortsStaging,UMCUCohorts,INTEGRATE",,,,,
Resources,,data use conditions,ontology_array,,,CatalogueOntologies,Data use conditions,,,,,Codes defining data use terms and conditions,"DataCatalogueFlat,CohortsStaging,UMCGCohortsStaging,UMCUCohorts,INTEGRATE",,,,,
Resources,,data access conditions description,text,,,,,,,,,Description of data access terms and use conditions,"DataCatalogueFlat,CohortsStaging,UMCGCohortsStaging,UMCUCohorts,INTEGRATE",,,,,
Resources,,data access fee,bool,,,,,,,,,Does a fee apply to gain access to data of this resource?,"DataCatalogueFlat,CohortsStaging,UMCGCohortsStaging,UMCUCohorts,INTEGRATE",,,,,
Resources,,access identifiable data,text,,,,,,,,,Can identifiable data be accessed in the data bank (including patient/practitioner name/practice name)?,"DataCatalogueFlat,RWEStaging",,,,,
Resources,,access identifiable data route,text,,,,,,,,,"If yes above, what is the route to access or process this information? What permission is required?","DataCatalogueFlat,RWEStaging",,,,,
Resources,,access subject details,bool,,,,,,,,,Can individual patients/practitioners/practices be contacted in the data bank?,"DataCatalogueFlat,EMA,RWEStaging",,,,,
Resources,,access subject details route,text,,,,,,,,,"If yes to the above, what is the route to access or process this information? What permission is required?","DataCatalogueFlat,RWEStaging",,,,,
Resources,,access third party,bool,,,,,,,,,Can (an extract of) the data bank be accessed with permission by a third party?,"DataCatalogueFlat,RWEStaging",,,,,
Resources,,access third party conditions,text,,,,,,,,,"If above is 'yes', describe the conditions under which third-party access may be granted","DataCatalogueFlat,RWEStaging",,,,,
Resources,,access non EU,bool,,,,,,,,,Can (an extract of) the data bank be accessed with permission by a non-EU/EEA institution?,"DataCatalogueFlat,RWEStaging",,,,,
Resources,,access non EU conditions,text,,,,,,,,,"If yes to the above, describe the conditions under which non-EU/EEA access may be granted","DataCatalogueFlat,RWEStaging",,,,,
Resources,,biospecimen access,bool,,,,,,,,,"If the data bank contains biospecimens (e.g. tissue samples), can these be retrieved?","DataCatalogueFlat,EMA,RWEStaging,INTEGRATE",,,,,
Resources,,biospecimen access conditions,text,,,,,,,,,"If yes to the above, describe the conditions under which permission to retrieve biospecimens may be granted","DataCatalogueFlat,EMA,RWEStaging,INTEGRATE",,,,,
Resources,,governance details,text,,,,,,,,,"If available, provide a link to documents or webpages that describe the overall governance of the data source bank (governing data access or utilisation for research purposes by existing DAPs)","DataCatalogueFlat,RWEStaging",,,,,
Resources,,approval for publication,bool,,,,,,,,,Is an approval needed to publish the results of a study using the data,"DataCatalogueFlat,EMA,RWEStaging",,,,,
Resources,,updates,heading,,,,,,,,,Information on the regularity of updates and time lags,"DataCatalogueFlat,EMA,RWEStaging",,,,,
Resources,,release type,ontology,,,CatalogueOntologies,Release types,,,,dcterms:accrualPeriodicity,Select whether this resource is a closed dataset or whether new data is released continuously or at a termly basis,"DataCatalogueFlat,CohortsStaging,UMCGCohortsStaging,UMCUCohorts",,,,,
Resources,,release description,text,,,,,,,,,Description of the release cycle of this resource,"DataCatalogueFlat,CohortsStaging,UMCGCohortsStaging,UMCUCohorts",,,,,
Resources,,number of records,int,,,,,,,,,Total number of unique records captured in the data bank (most recent count),"DataCatalogueFlat,RWEStaging",,,,,
Resources,,release frequency,int,,,,,,,,,Refreshing rate (in months),"DataCatalogueFlat,EMA,RWEStaging",,,,,
Resources,,refresh time,int,,,,,,,,,Average number of days between refresh of data bank with new records,"DataCatalogueFlat,RWEStaging",,,,,
Resources,,lag time,int,,,,,,,,,How many days is the lag time after refresh before a record can be extracted? (e.g. a lag time may occur if the originator conducts quality checks),"DataCatalogueFlat,RWEStaging",,,,,
Resources,,refresh period,ontology_array,,,CatalogueOntologies,Refresh periods,,,,,"If data are refreshed on fixed dates (e.g. every June and December), when are the refreshes scheduled? Select all that apply from the following:","DataCatalogueFlat,EMA,RWEStaging",,,,,
Resources,,date last refresh,date,,,,,,,,,Date of last update/refresh,"DataCatalogueFlat,EMA,RWEStaging",,,,,
Resources,,preservation,bool,,,,,,,,,Are records preserved in the data bank indefinitely?,"DataCatalogueFlat,EMA,RWEStaging",,,,,
Resources,,preservation duration,int,,,,,,,,,"If 'no' to the above, for how long (in years) are records preserved in the data bank?","DataCatalogueFlat,EMA,RWEStaging",,,,,
Resources,,quality,heading,,,,,,,,,List of relevant studies conducted using the data bank,"DataCatalogueFlat,EMA,RWEStaging,INTEGRATE",,,,,
Resources,,standard operating procedures,bool,,,,,,,,,Is there a standard operating procedure document that defines the processes and procedures for data capture and management?,"DataCatalogueFlat,RWEStaging",,,,,
Resources,,qualification,bool,,,,,,,,,"Has the data source successfully undergone a formal qualification process (e.g. from the EMA, ISO or other certifications)?","DataCatalogueFlat,EMA,RWEStaging,INTEGRATE",,,,,
Resources,,qualifications description,text,,,,,,,,,"Has the data source successfully undergone a qualification process (e.g. from the EMA)? If yes, describe the qualification(s) granted","DataCatalogueFlat,EMA,RWEStaging",,,,,
Resources,,audit possible,bool,,,,,,,,,"Are external parties allowed to audit the data? For example, is it possible for an external party to audit the quality or validity of the data source?","DataCatalogueFlat,RWEStaging",,,,,
Resources,,completeness,text,,,,,,,,,Describe the completeness of the data bank (e.g. variables with more or fewer missing values),"DataCatalogueFlat,RWEStaging",,,,,
Resources,,completeness over time,text,,,,,,,,,Describe any changes in completeness of the data bank (e.g. variables with more or fewer missing values) that have occurred  over time,"DataCatalogueFlat,RWEStaging",,,,,
Resources,,completeness results,text,,,,,,,,,What methods or processes are applied to check completeness of the data bank?,"DataCatalogueFlat,RWEStaging",,,,,
Resources,,quality description,text,,,,,,,,,Describe the quality of the data bank (e.g. variables with more or fewer missing values),"DataCatalogueFlat,RWEStaging",,,,,
Resources,,quality over time,text,,,,,,,,,Describe any changes in quality of the data bank that have occurred  over time,"DataCatalogueFlat,RWEStaging",,,,,
Resources,,access for validation,bool,,,,,,,,,"Can validity of the data in the data bank be verified, e.g. by review of origin medical charts?","DataCatalogueFlat,EMA,RWEStaging",,,,,
Resources,,quality validation frequency,text,,,,,,,,,How often are data quality checks and validation steps conducted on the data bank?,"DataCatalogueFlat,RWEStaging",,,,,
Resources,,quality validation methods,text,,,,,,,,,What methods or processes are applied for data quality checks and validation steps conducted on the data bank?,"DataCatalogueFlat,RWEStaging",,,,,
Resources,,correction methods,text,,,,,,,,,What methods or processes are applied to correct illogical values in the data bank?,"DataCatalogueFlat,RWEStaging",,,,,
Resources,,quality validation results,,,,,,,,,,"If available, provide a link to a publication of the data quality check and validation results","DataCatalogueFlat,RWEStaging",,,,,
Resources,,standards,heading,,,,,,,,,Use of standard data models and ontologies,"DataCatalogueFlat,EMA,RWEStaging,INTEGRATE",,,,,
Resources,,mappings to common data models,refback,,,,Dataset mappings,,source,,,Overview of dataset mappings available,"DataCatalogueFlat,RWEStaging",,,,,
Resources,,common data models other,text,,,,,,,,,"If not in list above, give the name of cdm(s) used by this data source","DataCatalogueFlat,EMA,RWEStaging",,,,,
Resources,,ETL standard vocabularies,ontology_array,,,CatalogueOntologies,Vocabularies,,,,,"Are data mapped to standardised vocabularies during ETL to the CDM? If yes, what vocabularies are used for events, such as diagnoses?","DataCatalogueFlat,RWEStaging,INTEGRATE",,,,,
Resources,,ETL standard vocabularies other,text,,,,,,,,,"If other, what other vocabularies are used?","DataCatalogueFlat,RWEStaging,INTEGRATE",,,,,
Resources,,information,heading,,,,,,,,,Other information,"DataCatalogueFlat,EMA,CohortsStaging,RWEStaging,NetworksStaging,StudiesStaging,UMCGCohortsStaging,UMCUCohorts,INTEGRATE",,,,,
Resources,,publications,refback,,,,Publications,,resource,,,Publication(s) about this resource,"DataCatalogueFlat,EMA,CohortsStaging,RWEStaging,NetworksStaging,StudiesStaging,UMCGCohortsStaging,UMCUCohorts,INTEGRATE",,,,,
Resources,,funding sources,ontology_array,,,CatalogueOntologies,Funding types,,,,,Specify the main financial support sources for the data source in the last three years. Select all that apply,"DataCatalogueFlat,EMA,RWEStaging,INTEGRATE",,,,,
Resources,,funding scheme,ontology_array,,,CatalogueOntologies,Study funding,,,,,The source of funding for the study. Select all that apply,"DataCatalogueFlat,EMA,StudiesStaging",,,,,
Resources,,funding statement,text,,,,,,,,,Statement listing funding that was obtained for this resource,"DataCatalogueFlat,EMA,CohortsStaging,RWEStaging,NetworksStaging,StudiesStaging,UMCGCohortsStaging,UMCUCohorts",,,,,
Resources,,citation requirements,text,,,,,,,,,Citation regulation for this resource,"DataCatalogueFlat,EMA,CohortsStaging,RWEStaging,NetworksStaging,StudiesStaging,UMCUCohorts",,,,,
Resources,,acknowledgements,text,,,,,,,,,Acknowledgement statement and citation regulation for this resource,"DataCatalogueFlat,CohortsStaging,RWEStaging,StudiesStaging,UMCGCohortsStaging,UMCUCohorts",,,,,
Resources,,provenance statement,text,,,,,,,,dcterms:provenance,"A statement of any changes in ownership and custody of a resource since its creation that are significant for its authenticity, integrity, and interpretation","DataCatalogueFlat,EMA,CohortsStaging,RWEStaging,StudiesStaging,UMCGCohortsStaging,UMCUCohorts",,,,,
Resources,,documentation,refback,,,,Documentation,,resource,,,"Descriptive document(s) available for this resource, e.g. informed consent","DataCatalogueFlat,EMA,CohortsStaging,RWEStaging,NetworksStaging,StudiesStaging,UMCGCohortsStaging,UMCUCohorts,INTEGRATE",,,,,
Resources,,supplementary information,text,,,,,,,,,Any other information that needs to be disclosed for this resource,"DataCatalogueFlat,CohortsStaging,RWEStaging",,,,,
Resources,,theme,ontology_array,,if(hricore === true && type?.some(item => item.name !== 'Network' && item.name !== 'Catalogue')) 'This field is mandatory for HRICore compatibility',CatalogueOntologies,Themes,,,,dcat:theme,"A main category of the resource. A resource can have multiple themes, for health data theme must at least take the value 'Health', which is set as a default","DataCatalogueFlat,EMA,CohortsStaging,RWEStaging,StudiesStaging,UMCGCohortsStaging,UMCUCohorts,INTEGRATE",,,,,= [{name: 'Health'}]
Resources,,applicable legislation,ontology_array,,if(hricore === true) 'This field is mandatory for HRICore compatibility',CatalogueOntologies,Legislations,,,,dcatap:applicableLegislation,"The legislation that mandates the creation or management of the resource. For health datasets, the value must include the data governance act, which is set as a default. URI's to other legislations may be included","DataCatalogueFlat,EMA,CohortsStaging,RWEStaging,NetworksStaging,StudiesStaging,UMCGCohortsStaging,UMCUCohorts,INTEGRATE",,,,,= [{name: 'Data Governance Act'}]
Resources,,study details,heading,,,,,,,,,List of relevant collaborations,"DataCatalogueFlat,EMA,StudiesStaging",,,,,
Resources,,collection start planned,date,,,,,,,,,When was the data collection planned to start?,"DataCatalogueFlat,EMA,StudiesStaging",,,,,
Resources,,collection start actual,date,,,,,,,,,When was the data collection actually start?,"DataCatalogueFlat,EMA,StudiesStaging",,,,,
Resources,,analysis start planned,date,,,,,,,,,When was the data analysis planned to start?,"DataCatalogueFlat,EMA,StudiesStaging",,,,,
Resources,,analysis start actual,date,,,,,,,,,When did the data analysis actually start?,"DataCatalogueFlat,EMA,StudiesStaging",,,,,
Resources,,data sources,ref_array,,,,Resources,,,,,Data sources that provided data into this study,"DataCatalogueFlat,EMA,StudiesStaging",,,,,
Resources,,data extraction date,date,,,,,,,,,Date on which the study data was extracted,"DataCatalogueFlat,StudiesStaging",,,,,
Resources,,study methods,heading,,,,,,,,,Methodological aspects,"DataCatalogueFlat,EMA,StudiesStaging",,,,,
Resources,,analysis plan,text,,,,,,,,,"A brief summary of the analysis method (e.g. risk estimation, measures of risk, internal/external validity)","DataCatalogueFlat,StudiesStaging",,,,,
Resources,,objectives,text,,,,,,,,,A short description of the study objective,"DataCatalogueFlat,EMA,StudiesStaging",,,,,
Resources,,results,text,,,,,,,,,A brief summary of the results of the study on study completion (e.g. from abstract),"DataCatalogueFlat,EMA,StudiesStaging",,,,,
Subpopulations,,,,,,,,,,,,Subpopulations defined for this resource,"DataCatalogueFlat,CohortsStaging,UMCGCohortsStaging,UMCUCohorts,INTEGRATE",,,,,
Subpopulations,,resource,ref,1,TRUE,,Resources,,,,dcterms:source,Resource this subpopulation is part of,"DataCatalogueFlat,CohortsStaging,UMCGCohortsStaging,UMCUCohorts,INTEGRATE",,,,,
Subpopulations,,name,,1,TRUE,,,,,,dcterms:title,"Subpopulation name, e.g. 'mothers in first trimester','newborns'","DataCatalogueFlat,CohortsStaging,UMCGCohortsStaging,UMCUCohorts,INTEGRATE",,,,,
Subpopulations,,pid,,,,,,,,,dcterms:identifier,Persistent identifier for this subpopulation,"DataCatalogueFlat,CohortsStaging,UMCGCohortsStaging,UMCUCohorts,INTEGRATE",,,,,
Subpopulations,,description,text,,,,,,,,dcterms:description,Subpopulation description,"DataCatalogueFlat,CohortsStaging,UMCGCohortsStaging,UMCUCohorts,INTEGRATE",,,,,
Subpopulations,,keywords,string_array,,,,,,,,dcat:keyword,Keywords to increase findability of this subpopulation. Try to use words that are not used in the description. Keywords are not displayed on the subpopulation page,"DataCatalogueFlat,CohortsStaging,UMCGCohortsStaging,UMCUCohorts,INTEGRATE",,,,,
Subpopulations,,number of participants,non_negative_int,,,,,,,,healthdcatap:numberOfUniqueIndividuals,Number of participants in this subpopulation,"DataCatalogueFlat,CohortsStaging,UMCGCohortsStaging,UMCUCohorts,INTEGRATE",,,,,
Subpopulations,,counts,refback,,,,Subpopulation counts,,subpopulation,,,"Total number of unique individuals per age(group), gender and year","DataCatalogueFlat,CohortsStaging,UMCGCohortsStaging,UMCUCohorts",,,,,
Subpopulations,,inclusion start,int,,,,,,,,dcat:startDate,Year of first included participant,"DataCatalogueFlat,CohortsStaging,UMCGCohortsStaging,UMCUCohorts,INTEGRATE",,,,,
Subpopulations,,inclusion end,int,,,,,,,,dcat:endDate,Year of last included participant. Leave empty if data collection is ongoing,"DataCatalogueFlat,CohortsStaging,UMCGCohortsStaging,UMCUCohorts,INTEGRATE",,,,,
Subpopulations,,age groups,ontology_array,,,CatalogueOntologies,Age groups,,,,,Age groups within this subpopulation,"DataCatalogueFlat,CohortsStaging,UMCGCohortsStaging,UMCUCohorts,INTEGRATE",,,,,
Subpopulations,,age min,non_negative_int,,,,,,,,healthdcatap:minimumTypicalAge,Minimum age of participants within this subpopulation,"DataCatalogueFlat,CohortsStaging,UMCGCohortsStaging,UMCUCohorts,INTEGRATE",,,,,
Subpopulations,,age max,non_negative_int,,,,,,,,healthdcatap:maximumTypicalAge,Maximum age of participants within this subpopulation,"DataCatalogueFlat,CohortsStaging,UMCGCohortsStaging,UMCUCohorts,INTEGRATE",,,,,
Subpopulations,,main medical condition,ontology_array,,,CatalogueOntologies,Diseases,,,,,"Disease groups within this subpopulation, based on ICD-10 and ORPHA code classifications","DataCatalogueFlat,CohortsStaging,UMCGCohortsStaging,UMCUCohorts,INTEGRATE",,,,,
Subpopulations,,comorbidity,ontology_array,,,CatalogueOntologies,Diseases,,,,,"Comorbidity within this subpopulation, based on ICD-10 classification","DataCatalogueFlat,CohortsStaging,UMCGCohortsStaging,UMCUCohorts,INTEGRATE",,,,,
Subpopulations,,countries,ontology_array,,,CatalogueOntologies,Countries,,,,dcterms:spatial,Countries where data from this subpopulation largely originate from,"DataCatalogueFlat,CohortsStaging,UMCGCohortsStaging,UMCUCohorts,INTEGRATE",,,,,
Subpopulations,,regions,ontology_array,,,CatalogueOntologies,Regions,,,,dcterms:coverage,Geographical regions where data from this subpopulation largely originate from,"DataCatalogueFlat,CohortsStaging,UMCGCohortsStaging,UMCUCohorts,INTEGRATE",,,,,
Subpopulations,,inclusion criteria,ontology_array,,,CatalogueOntologies,Inclusion Exclusion Criteria,,,,,Inclusion criteria applied to this subpopulation,"DataCatalogueFlat,CohortsStaging,UMCGCohortsStaging,UMCUCohorts,INTEGRATE",,,,,
Subpopulations,,other inclusion criteria,text,,,,,,,,,Other inclusion criteria applied to this subpopulation,"DataCatalogueFlat,CohortsStaging,UMCGCohortsStaging,UMCUCohorts,INTEGRATE",,,,,
Subpopulations,,exclusion criteria,ontology_array,,,CatalogueOntologies,Inclusion Exclusion Criteria,,,,,Exclusion criteria applied to this subpopulation,"DataCatalogueFlat,CohortsStaging,UMCGCohortsStaging,UMCUCohorts,INTEGRATE",,,,,
Subpopulations,,other exclusion criteria,text,,,,,,,,,Other exclusion criteria applied to this subpopulation,"DataCatalogueFlat,CohortsStaging,UMCGCohortsStaging,UMCUCohorts,INTEGRATE",,,,,
Subpopulations,,contact point,ref,,,,Contacts,resource,,,dcat:contactPoint,Contact point for this subpopulation. Value copied from Resources table,DataCatalogueFlat,,,,,
Subpopulations,,publisher,ref,,,,Organisations,resource,,,dcterms:publisher,Organisation that published this subpopulation. Value copied from Resources table,DataCatalogueFlat,,,,,
Subpopulations,,creator,ref_array,,,,Organisations,resource,,,dcterms:creator,Organisation(s) that created this subpopulation. Value copied from Resources table,DataCatalogueFlat,,,,,
Subpopulations,,issued,datetime,,,,,,,,dcterms:issued,When the data for this subpopulation was first published,"DataCatalogueFlat,CohortsStaging,UMCGCohortsStaging,UMCUCohorts,INTEGRATE",,,,,
Subpopulations,,modified,datetime,,,,,,,,dcterms:modified, When the data for this subpopulation was last modified,"DataCatalogueFlat,CohortsStaging,UMCGCohortsStaging,UMCUCohorts,INTEGRATE",,,,,
Subpopulations,,theme,ontology_array,,,CatalogueOntologies,Themes,,,,dcat:theme,"A main category of the subpopulation. A subpopulation can have multiple themes, for health data theme must at least take the value 'Health', which is set as a default","DataCatalogueFlat,CohortsStaging,UMCGCohortsStaging,UMCUCohorts,INTEGRATE",,,,,= [{name: 'Health'}]
Subpopulations,,access rights,ontology,,,CatalogueOntologies,Access rights,,,,dcterms:accessRights,"Information that indicates whether the resource is publicly accessible, has access restrictions or is not public. A default is set for non-public access, because most health datasets contain sensitive information and rules and licenses apply to get access","DataCatalogueFlat,CohortsStaging,UMCGCohortsStaging,UMCUCohorts,INTEGRATE",,,,,= {name: 'Non public'}
Subpopulations,,applicable legislation,ontology_array,,,CatalogueOntologies,Legislations,,,,dcatap:applicableLegislation,"The legislation that mandates the creation or management of the subpopulation. For health datasets, the value must include the data governance act, which is set as a default. URI's to other legislations may be included","DataCatalogueFlat,CohortsStaging,UMCGCohortsStaging,UMCUCohorts,INTEGRATE",,,,,= [{name: 'Data Governance Act'}]
Subpopulations,,provenance statement,text,,,,,,,,dct:provenance,"A statement of any changes in ownership and custody of a resource since its creation that are significant for its authenticity, integrity, and interpretation","DataCatalogueFlat,EMA",,,,,
Linkages,,,,,,,,,,,,"Links between resources, e.g. data source and databank","DataCatalogueFlat,EMA,RWEStaging",,,,,
Linkages,,resource,ref,1,TRUE,,Resources,,,,,Main resource for this linkage,"DataCatalogueFlat,EMA,RWEStaging",,,,,
Linkages,,linked resource,ref,1,TRUE,,Resources,,,,,Linked resource,"DataCatalogueFlat,EMA,RWEStaging",,,,,
Linkages,,linkage strategy,ontology,,,CatalogueOntologies,Linkage strategies,,,,,The linkage method that was used to link resources,"DataCatalogueFlat,EMA,RWEStaging",,,,,
Linkages,,linkage variable,text,,,,,,,,,"If a single variable (or linkage key) is used to link resources, provide a name and description of the variable","DataCatalogueFlat,EMA,RWEStaging",,,,,
Linkages,,linkage variable unique,bool,,,,,,,,,"If a single variable is used to link resources, is the variable a unique identifier?","DataCatalogueFlat,RWEStaging",,,,,
Linkages,,linkage completeness,text,,,,,,,,,Provide a high-level description of the completeness of linkages that are currently available between resources (max 100 words),"DataCatalogueFlat,EMA,RWEStaging",,,,,
Linkages,,pre linked,bool,,,,,,,,,Does the data source constitute of linked data sources?,"DataCatalogueFlat,EMA,RWEStaging",,,,,
Variable mappings,,,,,,,,,,,,"Mappings from collected or source variables to target or harmonised variables, optionally including ETL syntax","DataCatalogueFlat,RWEStaging,CohortsStaging,StudiesStaging,UMCGCohortsStaging,UMCUCohorts",,,,,
Variable mappings,,source,ref,1,TRUE,,Resources,,,,,Id of the resource that contains the source variable(s),"DataCatalogueFlat,RWEStaging,CohortsStaging,StudiesStaging,UMCGCohortsStaging,UMCUCohorts",,,,,
Variable mappings,,source dataset,ref,1,TRUE,,Datasets,source,,,,Name of the dataset that contains the source variable(s),"DataCatalogueFlat,RWEStaging,CohortsStaging,StudiesStaging,UMCGCohortsStaging,UMCUCohorts",,,,,
Variable mappings,,source variables,ref_array,,,,Variables,source dataset,,,,"Optional, source variable that was mapped from. You may also indicate that a mapping to a target variable was not done and leave this field empty (match = not available)","DataCatalogueFlat,RWEStaging,CohortsStaging,StudiesStaging,UMCGCohortsStaging,UMCUCohorts",,,,,
Variable mappings,,source variables other datasets,ref_array,,,,Variables,source,,,,"Optional, variables from other source datasets. Initially one may only define mapping between releases","DataCatalogueFlat,RWEStaging,CohortsStaging,StudiesStaging,UMCGCohortsStaging,UMCUCohorts",,,,,
Variable mappings,,target,ref,1,TRUE,,Resources,,,,,Id of the resource that contains the target variable,DataCatalogueFlat,,,,,
Variable mappings,,target dataset,ref,1,TRUE,,Datasets,target,,,,Name of the dataset that contains the target variable,DataCatalogueFlat,,,,,
Variable mappings,,target variable,ref,1,TRUE,,Variables,target dataset,,,,Target variable that was mapped to,DataCatalogueFlat,,,,,
Variable mappings,,repeats,text,1,TRUE,,,,,"if(!/^(([0-9]+)((, ?[0-9]+)*)|(NA))$/.test(repeats))'Repeats take the format 1,2,3 or 1, 2, 3 or NA'",,"In case of mapping to a repeated variable, specify which repeats were mapped to","DataCatalogueFlat,RWEStaging,CohortsStaging,StudiesStaging,UMCGCohortsStaging,UMCUCohorts",,,,,NA
Variable mappings,,match,ontology,,TRUE,CatalogueOntologies,Status details,,,,,"Harmonisation match, i.e., complete, partial, na","DataCatalogueFlat,RWEStaging,CohortsStaging,StudiesStaging,UMCGCohortsStaging,UMCUCohorts",,,,,
Variable mappings,,description,text,,,,,,,,,Human readible description of the mapping,"DataCatalogueFlat,RWEStaging,CohortsStaging,StudiesStaging,UMCGCohortsStaging,UMCUCohorts",,,,,
Variable mappings,,syntax,text,,,,,,,,,"Formal definition of the mapping, ideally in executable code","DataCatalogueFlat,RWEStaging,CohortsStaging,StudiesStaging,UMCGCohortsStaging,UMCUCohorts",,,,,
Variable mappings,,comments,text,,,,,,,,,Additional notes or comments,"DataCatalogueFlat,RWEStaging,CohortsStaging,StudiesStaging,UMCGCohortsStaging,UMCUCohorts",,,,,
Agents,,,,,,,,,,,"foaf:Agent,org:Organization","An organisation, department or individual","DataCatalogueFlat,EMA,CohortsStaging,RWEStaging,NetworksStaging,StudiesStaging,UMCGCohortsStaging,UMCUCohorts,INTEGRATE",,,,,
Agents,,resource,ref,1,TRUE,,Resources,,,,,Resource this Agent is associated with,"DataCatalogueFlat,EMA,CohortsStaging,RWEStaging,NetworksStaging,StudiesStaging,UMCGCohortsStaging,UMCUCohorts,INTEGRATE",,,,,
Agents,,id,,1,TRUE,,,,,,,"Internal identifier. Ideally fill out acronym for an organisation (e.g. UMCG) and full name for a person (e.g. Ada Lovelace)""","DataCatalogueFlat,EMA,CohortsStaging,RWEStaging,NetworksStaging,StudiesStaging,UMCGCohortsStaging,UMCUCohorts,INTEGRATE",,,,,
Agents,,type,ontology,,TRUE,CatalogueOntologies,Agent types,,,,,Type of agent: person or organisation,"DataCatalogueFlat,EMA,CohortsStaging,RWEStaging,NetworksStaging,StudiesStaging,UMCGCohortsStaging,UMCUCohorts,INTEGRATE",,,,,=mg_tableclass.includes('Organisations')? {name: 'Organisation'} : undefined
Agents,,name,,,,,,,,,,Name of the individual,"DataCatalogueFlat,EMA,CohortsStaging,RWEStaging,NetworksStaging,StudiesStaging,UMCGCohortsStaging,UMCUCohorts,INTEGRATE",type?.name === 'Individual',,,,
Agents,,organisation,ref,,,CatalogueOntologies,Organisations,,,,,Organisation name from Research Organization Registry (ROR).,"DataCatalogueFlat,EMA,CohortsStaging,RWEStaging,NetworksStaging,StudiesStaging,UMCGCohortsStaging,UMCUCohorts,INTEGRATE,FAIR Genomes",type?.name === 'Organisation',,,,
Agents,,other organisation,text,,,,,,,,,"If your organisation is not listed, please look up in ROR: https://ror.org/ and preferably provide ROR id, otherwise fill out your organisation name.","DataCatalogueFlat,EMA,CohortsStaging,RWEStaging,NetworksStaging,StudiesStaging,UMCGCohortsStaging,UMCUCohorts,INTEGRATE,FAIR Genomes",type?.name === 'Organisation',,,,
Agents,,department,,,,,,,,,,Name of department within the organisation,"DataCatalogueFlat,CohortsStaging,RWEStaging,NetworksStaging,StudiesStaging,UMCGCohortsStaging,UMCUCohorts,INTEGRATE",type?.name === 'Organisation',,,,
Agents,,website,hyperlink,,,,,,,,foaf:homepage,A website representing this Agent,"DataCatalogueFlat,EMA,CohortsStaging,RWEStaging,NetworksStaging,StudiesStaging,UMCGCohortsStaging,UMCUCohorts,INTEGRATE",type?.name === 'Individual',,,,
Agents,,email,email,,if(resource?.hricore === true) 'This field is mandatory for HRICore compatibility',,,,,,foaf:mbox,E-mail address to contact this organisation or individual,"DataCatalogueFlat,EMA,CohortsStaging,RWEStaging,NetworksStaging,StudiesStaging,UMCGCohortsStaging,UMCUCohorts,INTEGRATE",,,,,
Agents,,logo,file,,,,,,,,foaf:logo,Logo of the organisation,"DataCatalogueFlat,CohortsStaging,RWEStaging,NetworksStaging,StudiesStaging,UMCGCohortsStaging,INTEGRATE,FAIR Genomes",type?.name === 'Organisation',,,,
Agents,,role,ontology_array,,,CatalogueOntologies,Organisation roles,,,,,Type(s) of contribution or role in the resource,"DataCatalogueFlat,EMA,CohortsStaging,RWEStaging,NetworksStaging,StudiesStaging,UMCGCohortsStaging,UMCUCohorts,INTEGRATE,FAIR Genomes",type?.name === 'Organisation',,,,
Agents,,organisation name,,,,,,,,,foaf:name,"Organisation name, copied value from ROR ontology for DCAT conform RDF generation","DataCatalogueFlat,EMA",,,,,
Agents,,organisation pid,,,,,,,,,dcterms:identifier,"ROR id, copied value from ROR ontology for DCAT conform RDF generation","DataCatalogueFlat,EMA",,,,,
Agents,,organisation website,hyperlink,,,,,,,,foaf:homepage,"Organisation website, copied value from ROR ontology for DCAT conform RDF generation","DataCatalogueFlat,EMA",,,,,
Reused variables,,,,,,,,,,,,Listing of variables from another resource that are re-used by a resource,DataCatalogueFlat,,,,,
Reused variables,,resource,ref,1,TRUE,,Resources,,,,,Resource reusing the variable,DataCatalogueFlat,,,,,
Reused variables,,variable,ref,1,TRUE,,Variables,,,,,Variable from another resource that is reused,DataCatalogueFlat,,,,,
Variables,,,,,,,,,,,,Definition of a variable,"DataCatalogueFlat,RWEStaging,CohortsStaging,StudiesStaging,NetworksStaging,UMCGCohortsStaging,UMCUCohorts",,,,,
Variables,,resource,ref,1,TRUE,,Resources,,,,,Resource that this variable is part of,"DataCatalogueFlat,RWEStaging,CohortsStaging,StudiesStaging,NetworksStaging,UMCGCohortsStaging,UMCUCohorts",,,,,
Variables,,dataset,ref,1,TRUE,,Datasets,resource,,,,Dataset that this variable is part of,"DataCatalogueFlat,RWEStaging,CohortsStaging,StudiesStaging,NetworksStaging,UMCGCohortsStaging,UMCUCohorts",,,,,
Variables,,name,,1,TRUE,,,,,,,"Name of the variable, unique within a dataset","DataCatalogueFlat,RWEStaging,CohortsStaging,StudiesStaging,NetworksStaging,UMCGCohortsStaging,UMCUCohorts",,,,,
Variables,,useExternalDefinition,ref,,,,Variables,,,,,Refer to variable definition in other datasets,"DataCatalogueFlat,RWEStaging,CohortsStaging,StudiesStaging,NetworksStaging",,,,,
Variables,,label,,,,,,,,,,"Human readable name, if applicable","DataCatalogueFlat,RWEStaging,CohortsStaging,StudiesStaging,NetworksStaging,UMCGCohortsStaging,UMCUCohorts",,,,,
Variables,,description,text,,,,,,,,,Description of the variable,"DataCatalogueFlat,RWEStaging,CohortsStaging,StudiesStaging,NetworksStaging,UMCGCohortsStaging,UMCUCohorts",,,,,
Variables,,collection event,ref_array,,,,Collection events,resource,,,,In case of protocolised data collection this defines the moment(s) in time this variable is collected on,"DataCatalogueFlat,CohortsStaging,StudiesStaging,UMCGCohortsStaging,UMCUCohorts",,,,,
Variables,,format,ontology,,,CatalogueOntologies,Formats,,,,,"Data type, e.g. string, integer, decimal, date, datetime, etc.","DataCatalogueFlat,RWEStaging,CohortsStaging,StudiesStaging,NetworksStaging,UMCGCohortsStaging,UMCUCohorts",,,,,
Variables,,unit,ontology,,,CatalogueOntologies,Units,,,,,"In case of a continuous variable, the unit that the variable values are expressed in","DataCatalogueFlat,RWEStaging,CohortsStaging,StudiesStaging,NetworksStaging,UMCGCohortsStaging,UMCUCohorts",,,,,
Variables,,since version,,,,,,,,,,When this variable was introduced,"DataCatalogueFlat,RWEStaging,CohortsStaging,StudiesStaging,NetworksStaging,UMCGCohortsStaging,UMCUCohorts",,,,,
Variables,,until version,,,,,,,,,,"When this variable was removed, if applicable","DataCatalogueFlat,RWEStaging,CohortsStaging,StudiesStaging,NetworksStaging,UMCGCohortsStaging,UMCUCohorts",,,,,
Variables,,reused in resources,refback,,,,Reused variables,,variable,,,Listing of variables from other resources that are reused by this resource,DataCatalogueFlat,,,,,
Variables,,repeat unit,ontology,,,CatalogueOntologies,Variable repeat units,,,,,"The repeat unit, in case the variable was repeatedly collected over time, e.g. month or week","DataCatalogueFlat,RWEStaging,CohortsStaging,StudiesStaging,NetworksStaging,UMCGCohortsStaging,UMCUCohorts",,,,,
Variables,,repeat min,int,,,,,,,,,The first repeat unit,"DataCatalogueFlat,RWEStaging,CohortsStaging,StudiesStaging,NetworksStaging,UMCGCohortsStaging,UMCUCohorts",,,,,
Variables,,repeat max,int,,,,,,,,,The last repeat unit,"DataCatalogueFlat,RWEStaging,CohortsStaging,StudiesStaging,NetworksStaging,UMCGCohortsStaging,UMCUCohorts",,,,,
Variables,,example values,string_array,,,,,,,,,Example values for this variable,"DataCatalogueFlat,RWEStaging,CohortsStaging,StudiesStaging,NetworksStaging,UMCGCohortsStaging,UMCUCohorts",,,,,
Variables,,permitted values,refback,,,,Variable values,,variable,,,"Listing of variable values, filled out in Variable values table","DataCatalogueFlat,RWEStaging,CohortsStaging,StudiesStaging,NetworksStaging,UMCGCohortsStaging,UMCUCohorts",,,,,
Variables,,keywords,ontology_array,,,CatalogueOntologies,Keywords,,,,,Keywords that will make the variable easier to find,"DataCatalogueFlat,RWEStaging,CohortsStaging,StudiesStaging,NetworksStaging,UMCGCohortsStaging,UMCUCohorts",,,,,
Variables,,generated_keywords,ontology_array,,,CatalogueOntologies,Keywords,,,,,"LLM generated keywords, generated based on variable name, label and description",DataCatalogueFlat,,,,,
Variables,,vocabularies,ontology_array,,,CatalogueOntologies,Vocabularies,,,,,Vocabularies used to express the values of this variable,"DataCatalogueFlat,RWEStaging,CohortsStaging,StudiesStaging,NetworksStaging,UMCGCohortsStaging,UMCUCohorts",,,,,
Variables,,notes,text,,,,,,,,,Any other information on this variable,"DataCatalogueFlat,RWEStaging,CohortsStaging,StudiesStaging,NetworksStaging",,,,,
Variables,,mappings,refback,,,,Variable mappings,,target variable,,,"Listing of harmonised variables this variable was mapped to, filled out in Variable mappings table","DataCatalogueFlat,RWEStaging,CohortsStaging,StudiesStaging,UMCGCohortsStaging,UMCUCohorts",,,,,
Internal identifiers,,,,,,,,,,,,Internal identifier(s) for this resource,"DataCatalogueFlat,EMA,CohortsStaging,RWEStaging,NetworksStaging,StudiesStaging,UMCGCohortsStaging,UMCUCohorts",,,,,
Internal identifiers,,resource,ref,1,TRUE,,Resources,,,,,Resource that this internal identifier belongs to,"DataCatalogueFlat,EMA,CohortsStaging,RWEStaging,NetworksStaging,StudiesStaging,UMCGCohortsStaging,UMCUCohorts",,,,,
Internal identifiers,,identifier,text,1,TRUE,,,,,,,Internal identifier,"DataCatalogueFlat,EMA,CohortsStaging,RWEStaging,NetworksStaging,StudiesStaging,UMCGCohortsStaging,UMCUCohorts",,,,,
Internal identifiers,,internal identifier type,ontology,,,CatalogueOntologies,Internal identifier types,,,,,Internal identifier type,"DataCatalogueFlat,EMA,CohortsStaging,RWEStaging,NetworksStaging,StudiesStaging,UMCGCohortsStaging,UMCUCohorts",,,,,
Internal identifiers,,internal identifier type other,text,,,,,,,,,"If 'other', enter internal identifier type","DataCatalogueFlat,CohortsStaging,RWEStaging,NetworksStaging,StudiesStaging,UMCGCohortsStaging,UMCUCohorts",,,,,
Resource counts,,,,,,,,,,,,Quantitative information on the resource,"DataCatalogueFlat,RWEStaging,StudiesStaging,INTEGRATE",,,,,
Resource counts,,resource,ref,1,,,Resources,,,,,Resource id,"DataCatalogueFlat,RWEStaging,StudiesStaging,INTEGRATE",,,,,
Resource counts,,age group,ontology,1,,CatalogueOntologies,Age groups,,,,,Select the relevant age group for this quantitative information,"DataCatalogueFlat,RWEStaging,StudiesStaging,INTEGRATE",,,,,
Resource counts,,population size,int,,,,,,,,,"Total number of unique individuals with records captured in the data source (most recent count). In the catalogue, this will accommodate counts per year","DataCatalogueFlat,RWEStaging,StudiesStaging,INTEGRATE",,,,,
Resource counts,,active size,int,,,,,,,,,"Number of unique, active, or currently registered individuals with records captured in the data source (most recent count). In the catalogue, this will accommodate counts per year","DataCatalogueFlat,RWEStaging,StudiesStaging",,,,,
Resource counts,,no individuals with samples,int,,,,,,,,,"Number of unique individuals with records of biological samples (e.g., blood, urine) (most recent count). In the catalogue, this will accommodate counts per year ","DataCatalogueFlat,CohortsStaging,RWEStaging,NetworksStaging,StudiesStaging",,,,,
Resource counts,,mean observation years,int,,,,,,,,,Median years for which unique individuals with records captured in the data source are observable (most recent count),"DataCatalogueFlat,RWEStaging,StudiesStaging",,,,,
Resource counts,,mean years active,int,,,,,,,,,Median time for which unique individuals with records captured in the data source are observable (most recent count),"DataCatalogueFlat,RWEStaging,StudiesStaging",,,,,
Resource counts,,median age,int,,,,,,,,,Median age of individuals within data source,"DataCatalogueFlat,CohortsStaging,RWEStaging,NetworksStaging,StudiesStaging,INTEGRATE",,,,,
Resource counts,,proportion female,int,,,,,,,,,Proportion of females in the data source,"DataCatalogueFlat,CohortsStaging,RWEStaging,NetworksStaging,StudiesStaging,INTEGRATE",,,,,
Organisations,Agents,,,,,,,,,,"foaf:Agent,org:Organization","	Research organisations, departments and research groups","DataCatalogueFlat,EMA,CohortsStaging,RWEStaging,NetworksStaging,StudiesStaging,UMCGCohortsStaging,UMCUCohorts,INTEGRATE",,,,,
Organisations,,is lead organisation,bool,,,,,,,,,Whether the organisation is the lead organisation of this resource,"DataCatalogueFlat,EMA,CohortsStaging,RWEStaging,NetworksStaging,StudiesStaging,UMCGCohortsStaging,UMCUCohorts,INTEGRATE,FAIR Genomes",type?.name === 'Organisation',,,,
Resource mappings,,,,,,,,,,,,"Mapping from collected resources to standard/harmonised resources, optionally including ETL syntaxes","DataCatalogueFlat,EMA",,,,,
Resource mappings,,source,ref,1,TRUE,,Resources,,,,,Data resource that is being mapped to a (common) data model,"DataCatalogueFlat,EMA",,,,,
Resource mappings,,source version,string,,,,,,,,,Version of the resource that is being mapped,"DataCatalogueFlat,EMA",,,,,
Resource mappings,,target,ref,1,TRUE,,Resources,,,,,Model being mapped to,"DataCatalogueFlat,EMA",,,,,
Resource mappings,,target version,string,,,,,,,,,Version of the model being mapped to,"DataCatalogueFlat,EMA",,,,,
Resource mappings,,cdms other,,,,,,,,,,"If cdm is not under targets, which cdm was mapped to? (default = not applicable)","DataCatalogueFlat,EMA",,,,,
Resource mappings,,mapping status,ontology,,,CatalogueOntologies,Mapping status,,,,,Mapping status,"DataCatalogueFlat,EMA",,,,,
Resource mappings,,ETL frequency,int,,,,,,,,,"The frequency of the ETL process, in months","DataCatalogueFlat,EMA",,,,,
Resource mappings,,ETL specification url,hyperlink,,,,,,,,,Link to ETL specification documentation,"DataCatalogueFlat,EMA",,,,,
Resource mappings,,ETL specification document,file,,,,,,,,,Documentation concerning ETL details,"DataCatalogueFlat,EMA",,,,,
Documentation,,,,,,,,,,,,Documentation attached to a resource,"DataCatalogueFlat,CohortsStaging,RWEStaging,NetworksStaging,StudiesStaging,UMCGCohortsStaging,UMCUCohorts,INTEGRATE",,,,,
Documentation,,resource,ref,1,TRUE,,Resources,,,,,The resource this documentation is for,"DataCatalogueFlat,EMA,CohortsStaging,RWEStaging,NetworksStaging,StudiesStaging,UMCGCohortsStaging,UMCUCohorts,INTEGRATE",,,,,
Documentation,,name,,1,TRUE,,,,,,,Document name,"DataCatalogueFlat,EMA,CohortsStaging,RWEStaging,NetworksStaging,StudiesStaging,UMCGCohortsStaging,UMCUCohorts,INTEGRATE",,,,,
Documentation,,type,ontology,,,CatalogueOntologies,Document types,,,,,Type of documentation,"DataCatalogueFlat,EMA,CohortsStaging,RWEStaging,NetworksStaging,StudiesStaging,UMCGCohortsStaging,UMCUCohorts,INTEGRATE",,,,,
Documentation,,description,text,,,,,,,,,Description of the document,"DataCatalogueFlat,CohortsStaging,RWEStaging,NetworksStaging,StudiesStaging,UMCGCohortsStaging,UMCUCohorts,INTEGRATE",,,,,
Documentation,,url,hyperlink,,,,,,,,,Hyperlink to the source of the documentation,"DataCatalogueFlat,EMA,CohortsStaging,RWEStaging,NetworksStaging,StudiesStaging,UMCGCohortsStaging,UMCUCohorts,INTEGRATE",,,,,
Documentation,,file,file,,,,,,,,,Optional file attachment containing the documentation,"DataCatalogueFlat,EMA,CohortsStaging,RWEStaging,NetworksStaging,StudiesStaging,UMCGCohortsStaging,UMCUCohorts,INTEGRATE",,,,,
Subpopulation counts,,,,,,,,,,,,"Number of participants per cohort age group, optionally divided per sex","DataCatalogueFlat,CohortsStaging,UMCGCohortsStaging,UMCUCohorts",,,,,
Subpopulation counts,,resource,ref,1,TRUE,,Resources,,,,,Resource id,"DataCatalogueFlat,CohortsStaging,UMCGCohortsStaging,UMCUCohorts",,,,,
Subpopulation counts,,subpopulation,ref,1,TRUE,,Subpopulations,resource,,,,Subpopulations for these counts,"DataCatalogueFlat,CohortsStaging,UMCGCohortsStaging,UMCUCohorts",,,,,
Subpopulation counts,,age group,ontology,1,TRUE,CatalogueOntologies,Age groups,,,,,Select the age group for these counts,"DataCatalogueFlat,CohortsStaging,UMCGCohortsStaging,UMCUCohorts",,,,,
Subpopulation counts,,N total,int,,,,,,,,,Total number,"DataCatalogueFlat,CohortsStaging,UMCGCohortsStaging,UMCUCohorts",,,,,
Subpopulation counts,,N female,int,,,,,,,,,Number of females,"DataCatalogueFlat,CohortsStaging,UMCGCohortsStaging,UMCUCohorts",,,,,
Subpopulation counts,,N male,int,,,,,,,,,Number of males,"DataCatalogueFlat,CohortsStaging,UMCGCohortsStaging,UMCUCohorts",,,,,
